frame,tracker_id,position_x,position_y,direction_deg,team_id
3,1,443.19807942708303,-1123.08642578125,,1.0
4,1,449.8905029296875,-1119.5074462890625,-26.68473243713379,1.0
5,1,458.0706054687498,-1112.0260742187502,-116.32976531982422,1.0
6,1,474.21435546875,-1099.3707031249996,-72.58281707763672,1.0
7,1,489.27822265625036,-1082.7981445312498,-68.203369140625,1.0
8,1,505.8971679687502,-1070.1619140624998,-71.34432220458984,1.0
9,1,521.88720703125,-1054.9329101562498,-71.42684936523438,1.0
10,1,536.0198242187498,-1040.4854492187496,-61.16524887084961,1.0
11,1,549.4953125000002,-1027.8915039062504,-102.97517395019533,1.0
12,1,562.9007812500004,-1015.99658203125,-98.9862289428711,1.0
13,1,575.4504882812498,-997.4508789062502,-78.72779846191406,1.0
14,1,585.5574218749998,-981.1669921875,-73.21099853515625,1.0
15,1,594.3010742187498,-967.3603515625,-86.94793701171875,1.0
16,1,600.5992187499996,-955.0281249999998,-114.49408721923828,1.0
17,1,604.01806640625,-943.7906249999996,-109.28964233398438,1.0
18,1,606.6141601562504,-935.7683593749998,-178.3919677734375,1.0
19,1,610.9209960937496,-924.9056640625004,-118.62237548828124,1.0
20,1,614.4187499999998,-916.0597656250002,-109.23424530029295,1.0
21,1,619.5425781249996,-905.4466796875004,-115.5484619140625,1.0
22,1,625.5431640625002,-893.75,-148.79798889160156,1.0
23,1,630.3468750000002,-882.7452148437496,-137.29592895507812,1.0
24,1,633.2098632812504,-876.5642578124998,-132.3063507080078,1.0
25,1,635.0796874999996,-871.5850585937496,-123.04293060302734,1.0
26,1,634.2506835937502,-867.2381835937504,-175.10023498535156,1.0
27,1,632.5677734375004,-867.4404296875,146.58192443847656,1.0
28,1,629.6287109374998,-870.5954101562502,-148.59225463867188,1.0
29,1,626.7638671875002,-869.5052734375004,-159.85813903808594,1.0
30,1,624.1657226562502,-867.0716796875004,142.91891479492188,1.0
31,1,622.2058593749998,-865.3039062500002,-128.9921875,1.0
32,1,619.5949218750002,-863.513671875,171.90245056152344,1.0
33,1,617.66796875,-860.4576171874996,-159.43914794921875,1.0
34,1,615.5099609375002,-860.7321289062502,158.0299072265625,1.0
35,1,611.4582031250002,-861.0889648437496,-167.35926818847656,1.0
36,1,612.4369140625004,-872.91357421875,178.37791442871094,1.0
37,1,613.19580078125,-885.8405273437502,-174.4144287109375,1.0
38,1,614.10693359375,-896.7958984375,168.42550659179688,1.0
39,1,615.76171875,-907.3651367187504,161.87730407714844,1.0
40,1,619.3050781250004,-915.3130859374996,-130.00228881835938,1.0
41,1,617.6783203124996,-908.63330078125,-127.96524047851562,1.0
42,1,615.6146484375004,-898.7438476562502,-132.65396118164062,1.0
43,1,612.4166015624996,-888.1519531249996,-126.1829833984375,1.0
44,1,606.3587890625004,-877.7158203125,-149.74717712402344,1.0
45,1,598.5226562500002,-869.8716796874996,-140.6998291015625,1.0
46,1,589.4834960937496,-867.2091796875002,-159.81463623046875,1.0
47,1,577.9237304687504,-868.3263671875002,-177.5863494873047,1.0
48,1,567.6712890625004,-875.2869140624998,158.19859313964844,1.0
49,1,558.0740234374998,-883.3785156249996,148.93966674804688,1.0
50,1,549.0013671875004,-893.0174804687504,142.45208740234375,1.0
51,1,539.5241210937502,-901.4141601562496,-167.84835815429688,1.0
52,1,533.0710937499998,-908.8523437499998,169.2202606201172,1.0
53,1,526.5930664062498,-916.3454101562502,-178.44970703125,1.0
54,1,515.2843750000002,-908.7097656249998,165.07777404785156,1.0
55,1,510.6481445312502,-915.2455078125004,127.72891235351562,1.0
56,1,502.50986328124964,-923.8851562500004,179.64036560058594,1.0
57,1,487.29257812499964,-915.3037109375,-178.1538848876953,1.0
58,1,469.92519531250036,-903.9170898437496,164.45726013183594,1.0
59,1,465.89833984375036,-900.4310546875004,-176.3559112548828,1.0
60,1,454.17392578124964,-879.2093750000004,-173.42996215820312,1.0
61,1,446.9625976562502,-857.3269531249998,162.48995971679688,1.0
62,1,445.7467773437502,-851.5789062499998,-166.14202880859375,1.0
63,1,444.76513671875,-849.0098632812496,157.48403930664062,1.0
64,1,432.1826171875,-857.2986328124998,173.60972595214844,1.0
65,1,420.8825195312502,-869.84814453125,131.1927032470703,1.0
66,1,406.94443359374964,-883.0471679687498,149.56167602539062,1.0
67,1,392.5836914062502,-895.1271484375002,138.10546875,1.0
68,1,378.11513671875036,-904.5096679687504,169.7881317138672,1.0
69,1,366.27138671875036,-912.8287109374996,-179.09539794921875,1.0
70,1,353.42431640625,-921.7283203124998,165.70762634277344,1.0
71,1,341.80322265625,-931.9268554687496,138.1295928955078,1.0
72,1,327.1257812499998,-944.0602539062502,151.7671356201172,1.0
73,1,311.39199218750036,-954.7672851562502,137.06483459472656,1.0
74,1,295.45703125,-963.3117187500002,174.917724609375,1.0
75,1,279.81875000000036,-967.6047851562498,177.96588134765625,1.0
76,1,264.08154296875,-970.0987304687496,170.72032165527344,1.0
77,1,250.78242187500018,-970.18701171875,-154.4101104736328,1.0
78,1,235.10302734375,-970.7603515624996,131.11328125,1.0
79,1,217.97480468750018,-970.6589843749998,153.4965057373047,1.0
80,1,201.11083984375,-971.4884765625002,166.68084716796875,1.0
81,1,183.65488281249964,-969.2247070312496,158.95323181152344,1.0
82,1,155.32158203124982,-975.8982421874998,126.0656280517578,1.0
83,1,130.74208984375036,-981.7047851562502,154.861083984375,1.0
84,1,107.94599609375018,-986.9789062500004,155.4571075439453,1.0
85,1,86.4912109375,-996.5031250000002,122.39946746826172,1.0
86,1,66.037109375,-1011.4010742187502,126.0688934326172,1.0
87,1,54.236328125,-1023.9128906249998,121.13539123535156,1.0
88,1,42.87451171875,-1039.1683593750004,125.51177978515624,1.0
89,1,28.3779296875,-1058.9733398437502,132.19204711914062,1.0
90,1,11.067480468749636,-1073.4548828124998,107.63062286376952,1.0
91,1,-9.686328124999818,-1088.8047851562496,130.23167419433594,1.0
92,1,-26.327246093749636,-1104.1130859374998,-150.46282958984375,1.0
93,1,-44.976171874999636,-1120.876953125,116.2118911743164,1.0
94,1,-59.16826171874982,-1137.9173828125004,121.572265625,1.0
95,1,-72.19912109375036,-1157.7869140624998,134.1036834716797,1.0
96,1,-83.07929687500018,-1175.5550781250004,99.02883911132812,1.0
97,1,-94.32705078125036,-1189.8257812499996,158.82843017578125,1.0
98,1,-103.98652343750018,-1207.7911132812496,163.11058044433594,1.0
99,1,-116.02314453125018,-1229.8264648437498,132.5525665283203,1.0
100,1,-128.09492187500018,-1257.990234375,105.10614776611328,1.0
101,1,-139.58310546874964,-1289.7860351562504,109.53203582763672,1.0
102,1,-152.28632812500018,-1321.6957031250004,109.74095916748048,1.0
103,1,-164.69101562499964,-1348.1876953125002,105.94049835205078,1.0
104,1,-176.83046875000036,-1368.1641601562496,113.8911361694336,1.0
105,1,-189.50527343750036,-1381.3161132812502,154.18316650390625,1.0
106,1,-201.31689453125,-1393.8388671875,143.8626251220703,1.0
107,1,-212.58769531249982,-1414.1570312499998,127.6404266357422,1.0
108,1,-224.46855468749982,-1439.2204101562502,98.18189239501952,1.0
109,1,-236.94472656250036,-1475.9830078124996,96.23563385009766,1.0
110,1,-248.18681640624982,-1516.8030273437498,98.76998138427734,1.0
111,1,-258.40976562499964,-1548.7369140624996,98.97200012207033,1.0
112,1,-269.0974609374998,-1572.1864257812504,106.7071762084961,1.0
113,1,-279.69970703125,-1593.6926757812498,128.92962646484375,1.0
114,1,-288.70986328125036,-1609.9126953124996,144.46421813964844,1.0
115,1,-298.19423828125036,-1626.7685546875,101.32937622070312,1.0
116,1,-309.3561523437502,-1648.8570312499996,100.85083770751952,1.0
117,1,-320.0208007812498,-1675.0116210937504,102.83463287353516,1.0
118,1,-330.4501953125,-1704.2366210937498,112.1416244506836,1.0
119,1,-341.25156249999964,-1725.6783203124996,103.55416107177734,1.0
120,1,-353.25146484375,-1743.49560546875,94.15692138671876,1.0
121,1,-364.98789062499964,-1760.0648437500004,137.4767608642578,1.0
122,1,-377.07216796875036,-1774.9842773437504,160.81149291992188,1.0
123,1,-389.35996093749964,-1787.6912109374998,143.7329559326172,1.0
124,1,-401.8684570312498,-1806.8189453124996,105.8369140625,1.0
125,1,-412.75527343750036,-1828.1957031250004,114.40760803222656,1.0
126,1,-423.3337890624998,-1852.8056640625,109.30337524414062,1.0
127,1,-432.7062500000002,-1877.0400390625,107.04635620117188,1.0
128,1,-440.14345703125036,-1900.9557617187502,104.55052947998048,1.0
129,1,-446.89511718749964,-1922.3782226562498,96.47682189941406,1.0
130,1,-453.7750976562502,-1943.0196289062496,89.13465118408203,1.0
131,1,-459.90761718750036,-1961.36376953125,101.59595489501952,1.0
132,1,-466.1238281249998,-1974.3083984374998,93.38875579833984,1.0
133,1,-474.10585937500036,-1979.9444335937496,76.185791015625,1.0
134,1,-482.58193359375036,-1979.2599609375002,-80.14905548095703,1.0
135,1,-490.68710937499964,-1978.2047851562502,-94.2490463256836,1.0
136,1,-499.1154296875002,-1979.6033203124998,-104.15966796875,1.0
137,1,-510.35585937500036,-1986.99658203125,111.00975036621094,1.0
138,1,-520.6346679687504,-2001.9122070312496,94.9158935546875,1.0
139,1,-526.9587890624998,-2023.4346679687496,94.01573944091795,1.0
140,1,-533.4191406250002,-2058.6280273437496,86.66515350341797,1.0
141,1,-539.2263671874998,-2094.1851562499996,91.4220733642578,1.0
142,1,-541.8418945312496,-2115.70830078125,94.88481903076172,1.0
143,1,-544.6222656250002,-2131.7606445312504,90.8766632080078,1.0
144,1,-550.7479492187504,-2142.2650390625004,94.1568603515625,1.0
145,1,-555.8663085937496,-2149.89208984375,-172.56858825683594,1.0
146,1,-562.3590820312502,-2138.8153320312504,-123.92584228515624,1.0
147,1,-569.6770507812498,-2139.6185546875004,-118.70729064941406,1.0
148,1,-576.9830078124996,-2144.09892578125,-121.3591079711914,1.0
149,1,-584.6009765625004,-2150.1265624999996,118.19042205810548,1.0
150,1,-593.6724609374996,-2143.454296875,86.5970230102539,1.0
151,1,-602.8187500000004,-2149.9085937500004,125.8285903930664,1.0
152,1,-611.7717773437498,-2155.0232421875,164.109130859375,1.0
153,1,-620.8304687500004,-2160.15771484375,-134.39215087890625,1.0
154,1,-627.8502929687502,-2170.7547851562504,96.41112518310548,1.0
155,1,-633.7593749999996,-2180.5995117187504,96.85836791992188,1.0
156,1,-638.7017578124996,-2190.557421875,80.49353790283203,1.0
157,1,-638.3999999999996,-2217.3111328124996,-97.7121124267578,1.0
158,1,-636.32666015625,-2247.2251953124996,-122.15644073486328,1.0
159,1,-633.69873046875,-2273.21943359375,13.75945281982422,1.0
160,1,-630.2638671875002,-2299.16328125,75.77429962158203,1.0
161,1,-626.31298828125,-2326.8851562500004,61.97645568847656,1.0
162,1,-628.1748046875,-2337.8138671875004,74.14787292480469,1.0
163,1,-631.1754882812502,-2340.87158203125,119.8678207397461,1.0
164,1,-636.4351562499996,-2341.43134765625,-144.3787841796875,1.0
165,1,-643.5591796874996,-2341.6548828124996,-107.11448669433594,1.0
166,1,-650.4777343750002,-2340.6068359375004,-123.8815689086914,1.0
167,1,-657.4255859374998,-2338.3241210937504,-108.4766082763672,1.0
168,1,-666.9651367187498,-2339.1172851562496,-115.3837432861328,1.0
169,1,-676.2598632812496,-2344.5269531249996,-145.06256103515625,1.0
170,1,-683.6436523437496,-2353.4654296874996,154.8213348388672,1.0
171,1,-690.78564453125,-2363.22705078125,107.94139862060548,1.0
172,1,-696.6962890625,-2372.99365234375,91.28619384765624,1.0
173,1,-701.1939453124996,-2380.4454101562496,170.61563110351562,1.0
174,1,-706.6923828125,-2382.6751953125004,-140.4961395263672,1.0
175,1,-714.4391601562502,-2384.3633789062496,-170.94970703125,1.0
176,1,-722.7350585937502,-2386.76953125,-173.84976196289062,1.0
177,1,-730.4791015624996,-2392.0341796875,135.9828643798828,1.0
178,1,-737.5421875000002,-2398.4234374999996,128.7303466796875,1.0
179,1,-743.0946289062504,-2405.8421875000004,100.23239135742188,1.0
180,1,-749.03857421875,-2411.8228515624996,151.59434509277344,1.0
181,1,-754.9775390625,-2420.4998046875,170.12411499023438,1.0
182,1,-761.0363281250002,-2427.63447265625,163.05357360839844,1.0
183,1,-767.7566406249998,-2436.0894531249996,95.10530853271484,1.0
184,1,-771.6822265624996,-2442.4334960937504,107.77281951904295,1.0
185,1,-772.3127929687498,-2441.8714843750004,122.47733306884766,1.0
186,1,-771.06591796875,-2444.4947265624996,-49.40837478637695,1.0
187,1,-769.1145507812498,-2447.0720703125,-82.00963592529297,1.0
188,1,-761.0798828124998,-2447.26435546875,79.73568725585938,1.0
189,1,-760.375,-2452.5116210937504,80.19827270507812,1.0
190,1,-755.3069335937498,-2462.79169921875,-1.7750904560089111,0.0
191,1,-751.7194335937502,-2466.21728515625,152.28350830078125,1.0
192,1,-748.3194335937496,-2470.10185546875,-14.253979682922363,0.0
193,1,-751.96533203125,-2462.0121093750004,-175.12095642089844,0.0
194,1,-749.734375,-2453.2880859375,-179.19790649414062,0.0
195,1,-752.4148437499998,-2448.524609375,-154.8490753173828,0.0
196,1,-754.3890625000004,-2448.67578125,83.37799072265625,0.0
197,1,-756.3572265624998,-2453.5861328125,91.2236785888672,0.0
198,1,-756.1085937500002,-2474.89619140625,85.14510345458984,0.0
199,1,-757.7794921875002,-2490.4999023437504,89.14125061035156,0.0
200,1,-759.9453125,-2506.190234375,95.82633972167967,0.0
201,1,-763.8087890625002,-2517.5697265625004,-116.51414489746094,0.0
202,1,-770.8407226562504,-2511.5814453125004,98.09393310546876,0.0
203,1,-777.9527343749996,-2497.82763671875,154.32601928710938,0.0
204,1,-778.4869140624996,-2513.6509765624996,-105.1210479736328,0.0
205,1,-780.1434570312504,-2527.36064453125,-99.45425415039062,0.0
206,1,-780.7069335937504,-2543.0489257812496,78.39576721191406,0.0
207,1,-778.0478515625,-2565.0013671875004,146.5991973876953,0.0
208,1,-776.8812500000004,-2581.533984375,94.53275299072266,0.0
209,1,-783.580078125,-2557.0533203124996,-87.50666809082031,0.0
210,1,-793.8055664062504,-2534.47822265625,-101.76366424560548,0.0
211,1,-804.5602539062502,-2499.8875976562504,-99.48338317871094,0.0
212,1,-817.9060546874998,-2467.69189453125,-123.48404693603516,0.0
213,1,-830.9004882812496,-2444.39091796875,-102.25074005126952,0.0
214,1,-843.87353515625,-2432.4945312500004,-105.38414001464844,0.0
215,1,-853.5194335937504,-2416.4806640625,-105.5554656982422,0.0
216,1,-863.9786132812496,-2408.7890625,-102.12413024902344,0.0
217,1,-872.9095703125004,-2400.6349609375,-108.55599975585938,0.0
218,1,-880.8919921875004,-2393.991015625,-82.34165954589844,0.0
219,1,-886.7305664062496,-2389.307421875,-82.91956329345703,0.0
220,1,-889.7014648437498,-2406.9297851562496,-82.73382568359375,0.0
221,1,-892.1866210937496,-2426.4634765624996,-44.00635147094727,0.0
222,1,-896.0619140625004,-2449.51171875,-30.47858428955078,0.0
223,1,-900.8909179687498,-2470.9021484375,-19.74520301818848,0.0
224,1,-906.3439453125002,-2491.6751953125004,-70.45167541503906,0.0
225,1,-913.9412109374998,-2488.0900390625,-87.64757537841797,0.0
226,1,-917.4617187499998,-2475.3213867187496,-79.86605072021484,0.0
227,1,-922.3483398437502,-2455.357421875,-89.37994384765625,0.0
228,1,-929.41259765625,-2433.8669921875,-99.78083801269533,0.0
229,1,-936.3494140624998,-2413.98701171875,-104.72966003417967,0.0
230,1,-943.5646484375002,-2394.90087890625,-120.05499267578124,0.0
231,1,-954.8908203125002,-2382.5321289062504,68.76068878173828,0.0
232,1,-964.4895507812498,-2375.503125,-95.20867919921876,0.0
233,1,-971.92529296875,-2365.9043945312496,-96.66129302978516,0.0
234,1,-979.6866210937496,-2353.2412109375,-105.02825927734376,0.0
235,1,-992.1904296875,-2349.3960937499996,-94.3847427368164,0.0
236,1,-1002.2724609375,-2337.4025390625,-98.90065002441406,0.0
237,1,-1016.6109374999996,-2336.68427734375,-110.88810729980467,0.0
238,1,-1030.2793945312496,-2339.2822265625,-135.6412353515625,0.0
239,1,-1042.9638671875,-2344.6610351562504,-144.80201721191406,0.0
240,1,-1051.2345703125002,-2341.2525390624996,-88.95779418945312,0.0
241,1,-1062.75341796875,-2346.31708984375,-86.68218994140625,0.0
242,1,-1069.7991210937498,-2337.91259765625,-85.34514617919922,0.0
243,1,-1077.7706054687496,-2328.0248046875004,-91.39765167236328,0.0
244,1,-1087.5022460937498,-2317.2110351562496,-94.92247009277344,0.0
245,1,-1097.7737304687498,-2308.4056640625004,-97.60324096679688,0.0
246,1,-1107.1897460937498,-2300.0830078125,-89.01203918457031,0.0
247,1,-1115.8944335937504,-2294.1849609375004,-96.64868927001952,0.0
248,1,-1123.94384765625,-2289.0088867187496,-53.77779769897461,0.0
249,1,-1131.0701171874998,-2284.3355468749996,-84.07107543945312,0.0
250,1,-1138.5281249999998,-2275.57275390625,-78.07243347167969,0.0
251,1,-1145.98486328125,-2264.91357421875,-80.27772521972656,0.0
252,1,-1153.8999511718748,-2252.0804687500004,-96.35850524902344,0.0
253,1,-1162.597900390625,-2242.5986328125,-94.78339385986328,0.0
254,1,-1172.7822753906248,-2231.8324218750004,-89.9443359375,0.0
255,1,-1182.5167968750002,-2225.4969726562504,-129.2131805419922,0.0
256,1,-1193.1705078125,-2221.766796875,-139.0889434814453,0.0
257,1,-1203.1798828125002,-2220.38310546875,-100.98468780517578,0.0
258,1,-1214.8345703125,-2212.5234375,-82.0749282836914,0.0
259,1,-1225.446435546875,-2205.68212890625,-61.94565963745117,0.0
260,1,-1235.9665039062502,-2193.2916015624996,-92.1236572265625,0.0
261,1,-1246.3095703125,-2177.4581054687496,-84.37031555175781,0.0
262,1,-1257.1964843750002,-2164.7344726562496,-92.50617218017578,0.0
263,1,-1264.6771972656252,-2157.9549804687504,-81.9285659790039,0.0
264,1,-1271.58740234375,-2150.884765625,-69.13861846923828,0.0
265,1,-1276.978369140625,-2148.52734375,-30.88431739807129,0.0
266,1,-1281.92666015625,-2148.3260742187504,-23.997285842895508,0.0
267,1,-1288.8563964843752,-2142.17021484375,-51.1625862121582,0.0
268,1,-1298.0981933593748,-2133.8654296875,-33.375606536865234,0.0
269,1,-1308.87744140625,-2124.2365234375,-83.40814208984375,0.0
270,1,-1321.8471191406252,-2114.86552734375,-63.89776992797852,0.0
271,1,-1334.99462890625,-2107.552734375,-83.99756622314453,0.0
272,1,-1347.2973144531252,-2105.7802734375,-90.83910369873048,0.0
273,1,-1358.316162109375,-2103.96455078125,83.02677917480469,0.0
274,1,-1368.1185546875,-2104.17705078125,88.61895751953125,0.0
275,1,-1377.4193847656252,-2104.196484375,65.28598022460938,0.0
276,1,-1388.7575195312502,-2097.2542968750004,-49.86902618408203,0.0
277,1,-1401.51806640625,-2082.2450195312504,62.99630737304688,0.0
278,1,-1415.5190917968748,-2067.2989257812496,-103.08080291748048,0.0
279,1,-1430.782470703125,-2052.065625,-107.70274353027344,0.0
280,1,-1445.656591796875,-2037.23974609375,-122.06051635742188,0.0
281,1,-1458.495947265625,-2029.3021484375004,122.62464904785156,0.0
282,1,-1468.859228515625,-2025.7247070312496,146.68800354003906,0.0
283,1,-1477.823095703125,-2022.6532226562504,103.20142364501952,0.0
284,1,-1484.54296875,-2021.3107421875002,-142.90013122558594,0.0
285,1,-1491.8803222656252,-2018.7527343749998,-136.96131896972656,0.0
286,1,-1500.6228515624998,-2012.1026367187496,174.04611206054688,0.0
287,1,-1511.81982421875,-2003.9578124999998,-128.58485412597656,0.0
288,1,-1524.1696289062502,-1995.4267578125,-130.64276123046875,0.0
289,1,-1538.1302734375,-1986.541015625,-125.50749206542967,0.0
290,1,-1552.0000488281248,-1980.4104492187498,-178.88650512695312,0.0
291,1,-1565.59765625,-1977.7715820312496,149.11708068847656,0.0
292,1,-1577.346337890625,-1977.2125976562502,137.63661193847656,0.0
293,1,-1589.5889160156248,-1973.1648437499998,163.06646728515625,0.0
294,1,-1601.612060546875,-1973.4811523437502,-157.12722778320312,0.0
295,1,-1616.342529296875,-1964.6944335937496,-125.05463409423828,0.0
296,1,-1629.464453125,-1956.5339843749998,108.8838119506836,0.0
297,1,-1644.03671875,-1944.9309570312498,-120.64165496826172,0.0
298,1,-1657.635595703125,-1936.9453125,130.80487060546875,0.0
299,1,-1671.144140625,-1924.5530273437498,-128.40171813964844,0.0
300,1,-1680.8375,-1919.6490234374996,-175.1754150390625,0.0
301,1,-1688.9716796875,-1898.3507812500002,164.49537658691406,0.0
302,1,-1698.08017578125,-1883.4695312499998,171.02957153320312,0.0
303,1,-1706.0791015625,-1863.7103515625004,-137.49253845214844,0.0
304,1,-1715.72861328125,-1855.7372070312504,153.9719696044922,0.0
305,1,-1723.9751953125,-1832.5396484374996,-86.5747299194336,0.0
306,1,-1734.6322753906252,-1824.5710937499998,-115.86598205566406,0.0
307,1,-1745.40869140625,-1827.70947265625,-146.4928741455078,0.0
308,1,-1757.97939453125,-1836.3624023437496,-169.58041381835938,0.0
309,1,-1768.032568359375,-1832.7603515624996,170.36534118652344,0.0
310,1,-1779.7103515625,-1844.0495117187502,-166.08314514160156,0.0
311,1,-1791.714990234375,-1851.9081054687504,160.69664001464844,0.0
312,1,-1799.695947265625,-1831.2224609374998,-166.37242126464844,0.0
313,1,-1807.292138671875,-1806.3193359375,-113.3114013671875,0.0
314,1,-1814.55908203125,-1780.7230468750004,-127.36702728271484,0.0
315,1,-1822.96630859375,-1754.6803710937502,-119.5895538330078,0.0
316,1,-1830.7753417968752,-1730.6526367187498,118.15584564208984,0.0
317,1,-1839.9114257812498,-1722.5414062500004,-134.8270721435547,0.0
318,1,-1848.6152832031248,-1717.0780273437504,-131.35830688476562,0.0
319,1,-1858.3129394531252,-1711.0041015625002,164.56307983398438,0.0
320,1,-1866.315283203125,-1705.4691406250004,-167.1116485595703,0.0
321,1,-1874.52919921875,-1700.1140624999998,-134.549560546875,0.0
322,1,-1883.2328125,-1692.6960937499998,-145.53346252441406,0.0
323,1,-1891.4421874999998,-1685.673828125,-145.44654846191406,0.0
324,1,-1898.8071777343748,-1679.65869140625,-137.89146423339844,0.0
325,1,-1906.2500488281248,-1671.9724609374998,-143.06417846679688,0.0
326,1,-1912.678125,-1665.1400390625004,-140.04115295410156,0.0
327,1,-1917.9086425781252,-1659.8218749999996,-116.66938018798828,0.0
328,1,-1922.6779296875002,-1654.5778320312502,-156.64956665039062,0.0
329,1,-1927.2500488281248,-1646.1688476562504,-162.8231201171875,0.0
330,1,-1931.405517578125,-1638.177734375,-152.4993438720703,0.0
331,1,-1934.7817871093748,-1630.3287109374996,-99.58263397216795,0.0
332,1,-1937.595068359375,-1620.8937500000002,-128.1063995361328,0.0
333,1,-1941.0549804687498,-1610.0504882812502,-129.08848571777344,0.0
334,1,-1943.5234863281248,-1603.3744140625004,-112.40569305419922,0.0
335,1,-1946.47607421875,-1595.7985351562502,-111.2451400756836,0.0
336,1,-1950.2109375,-1588.34521484375,54.887088775634766,0.0
337,1,-1954.823095703125,-1582.5124999999998,-118.14879608154295,0.0
338,1,-1958.8176757812498,-1579.4402343749998,160.41909790039062,0.0
339,1,-1963.95078125,-1576.3115234375,-171.382568359375,0.0
340,1,-1968.96884765625,-1576.2470703125,156.5740966796875,0.0
341,1,-1973.427392578125,-1576.2741210937502,143.01174926757812,0.0
342,1,-1976.32705078125,-1576.7473632812498,92.44810485839844,0.0
343,1,-1980.216064453125,-1572.8332031250002,-141.41461181640625,0.0
344,1,-1984.10146484375,-1566.8137695312498,81.77802276611328,0.0
345,1,-1987.2275878906248,-1558.8938476562498,-113.5362319946289,0.0
346,1,-1989.889501953125,-1550.88330078125,-123.83035278320312,0.0
347,1,-1994.303564453125,-1538.7511718750002,-95.06383514404295,0.0
348,1,-1997.230224609375,-1529.4654296874996,-90.46519470214844,0.0
349,1,-1998.4185546875,-1521.2168945312496,-109.40773010253906,0.0
350,1,-1999.16689453125,-1513.6700195312496,-28.018835067749023,0.0
351,1,-1999.902587890625,-1505.4992187500002,-11.456704139709473,0.0
352,1,-1999.6557128906252,-1498.78564453125,-17.163057327270508,0.0
353,1,-1999.350927734375,-1492.0916992187504,-62.76910781860352,0.0
354,1,-2001.097998046875,-1485.1847656250002,73.46887969970703,0.0
355,1,-2003.0795410156252,-1477.8137695312498,73.27617645263672,0.0
356,1,-2005.0312988281248,-1469.6939453124996,-29.50367927551269,0.0
357,1,-2006.82314453125,-1461.1178710937502,45.8088493347168,0.0
358,1,-2008.232177734375,-1451.46728515625,-55.81613540649414,0.0
359,1,-2008.6960937499998,-1441.2625976562504,-92.28353118896484,0.0
360,1,-2010.1729003906248,-1430.9491210937504,-79.26593780517578,0.0
361,1,-2011.8158691406252,-1424.2170898437498,-57.597774505615234,0.0
362,1,-2012.7128417968752,-1421.0619140625004,-156.73159790039062,0.0
363,1,-2017.255029296875,-1428.8734375000004,111.39051055908205,0.0
364,1,-2021.72568359375,-1433.5291992187504,94.96041107177734,0.0
365,1,-2025.2767578125,-1439.8794921874996,81.57825469970703,0.0
366,1,-2028.3302734375002,-1444.0380859375,66.52460479736328,0.0
367,1,-2031.6042968749998,-1447.7007812499996,71.55096435546875,0.0
368,1,-2030.4365722656248,-1442.6880859374996,62.418888092041016,0.0
369,1,-2028.925537109375,-1440.1666015624996,66.34239959716797,0.0
370,1,-2027.62392578125,-1435.4735351562504,50.741729736328125,0.0
371,1,-2024.24599609375,-1421.1517578125004,-100.3552017211914,0.0
372,1,-2022.3195312500002,-1402.22802734375,-82.36251831054688,0.0
373,1,-2021.653662109375,-1381.0149414062498,-62.391056060791016,0.0
374,1,-2020.1316406249998,-1359.76806640625,-106.41439056396484,0.0
375,1,-2016.5697265625,-1340.1256835937502,-108.20404815673828,0.0
376,1,-2014.340185546875,-1331.1670898437496,-73.89092254638672,0.0
377,1,-2010.4882324218752,-1327.15771484375,-29.15447998046875,0.0
378,1,-2005.3652832031248,-1325.8252929687496,47.42536926269531,0.0
379,1,-2001.0066406249998,-1325.3897460937496,55.996315002441406,0.0
380,1,-1998.5924804687502,-1323.9107421874996,58.76212310791016,0.0
381,1,-1997.5995605468752,-1320.9767578125002,-109.64200592041016,0.0
382,1,-1996.845849609375,-1313.9949218749998,-156.40170288085938,0.0
383,1,-1998.216796875,-1300.7149414062496,-49.86296844482422,0.0
384,1,-2000.1785156249998,-1287.9668945312496,-91.39279174804688,0.0
385,1,-2001.913720703125,-1276.0337890624996,-92.73030090332033,0.0
386,1,-2004.2050292968752,-1263.6504882812496,79.37071228027344,0.0
387,1,-2007.23203125,-1251.5666015625002,77.00574493408203,0.0
388,1,-2008.6760742187498,-1245.5177734375002,145.51846313476562,0.0
389,1,-2012.447509765625,-1233.1468750000004,-101.99159240722656,0.0
390,1,-2017.895751953125,-1218.4518554687502,63.59146881103516,0.0
391,1,-2023.51953125,-1201.0484374999996,-109.14276123046876,0.0
392,1,-2029.251318359375,-1184.8899414062498,-109.69078063964844,0.0
393,1,-2035.979345703125,-1168.4333984374998,-110.8080825805664,0.0
394,1,-2040.7195312499998,-1158.5110351562498,-110.77063751220705,0.0
395,1,-2043.710302734375,-1150.00341796875,98.19367980957033,0.0
396,1,-2043.8997070312498,-1148.5244140625,113.88663482666016,0.0
397,1,-2043.9965332031252,-1147.2423828125002,-138.81407165527344,0.0
398,1,-2045.930322265625,-1141.8472656249996,78.94706726074219,0.0
399,1,-2050.6720703125,-1130.1537109375004,-115.44894409179688,0.0
400,1,-2055.7720703125,-1117.6666015624996,-119.9774398803711,0.0
401,1,-2063.41005859375,-1098.6232421875002,-110.55970001220705,0.0
402,1,-2070.057568359375,-1083.1055664062496,-105.7455825805664,0.0
403,1,-2076.42001953125,-1070.1237304687502,-111.7214813232422,0.0
404,1,-2079.28466796875,-1062.3917968750002,101.62489318847656,0.0
405,1,-2091.245068359375,-1066.2847656249996,92.45684814453124,0.0
406,1,-2102.12734375,-1076.76171875,-120.67957305908205,0.0
407,1,-2116.692236328125,-1080.4446289062498,173.33956909179688,0.0
408,1,-2131.21201171875,-1081.9871093749998,83.39521789550781,0.0
409,1,-2147.6748046875,-1081.6882812499998,-115.29669952392578,0.0
410,1,-2147.866064453125,-1063.4455078125002,-117.40814208984376,0.0
411,1,-2148.832470703125,-1042.4339843750004,-119.9308624267578,0.0
412,1,-2147.64208984375,-1026.6490234374996,-159.41554260253906,0.0
413,1,-2146.3439453125,-1013.6756835937504,147.51702880859375,0.0
414,1,-2150.785009765625,-1014.1927734375004,159.855712890625,0.0
415,1,-2162.572607421875,-1024.5247070312498,140.43540954589844,0.0
416,1,-2175.197412109375,-1030.7770507812502,-174.21485900878906,0.0
417,1,-2188.2482421875,-1031.8626953125004,99.2722396850586,0.0
418,1,-2201.639111328125,-1028.8687499999996,-119.11598205566406,0.0
419,1,-2210.523876953125,-1011.4162109375002,-113.4306182861328,0.0
420,1,-2218.0197265625,-993.6858398437498,-113.89501190185548,0.0
421,1,-2225.39248046875,-978.5997070312496,-126.53627014160156,0.0
422,1,-2231.53515625,-970.2384765625002,125.91227722167967,0.0
423,1,-2237.50087890625,-964.9078124999996,-146.9011688232422,0.0
424,1,-2241.002880859375,-965.2997070312504,117.87409973144533,0.0
425,1,-2244.40751953125,-952.8107421875002,-135.72755432128906,0.0
426,1,-2249.782275390625,-936.7868164062502,149.84738159179688,0.0
427,1,-2256.29345703125,-919.2375976562498,-129.68917846679688,0.0
428,1,-2262.590234375,-904.0908203125,-118.29692840576172,0.0
429,1,-2268.4486328125,-887.751953125,178.18423461914062,0.0
430,1,-2276.22607421875,-882.7708984375004,-132.34152221679688,0.0
431,1,-2280.338427734375,-886.50927734375,160.58544921875,0.0
432,1,-2284.194775390625,-888.7506835937502,151.8406219482422,0.0
433,1,-2286.114306640625,-893.1271484375002,128.2335205078125,0.0
434,1,-2291.215087890625,-895.0132812499996,-165.7852325439453,0.0
435,1,-2297.0451171875,-891.7173828124996,103.37001037597656,0.0
436,1,-2304.54228515625,-882.5174804687504,-124.3111572265625,0.0
437,1,-2311.691552734375,-874.4591796875002,-116.59358978271484,0.0
438,1,-2320.495263671875,-865.0655273437496,-122.62950897216795,0.0
439,1,-2326.506884765625,-859.6066406250002,-154.0699005126953,0.0
440,1,-2336.114208984375,-865.72900390625,118.39533996582033,0.0
441,1,-2345.898046875,-873.2008789062502,89.01366424560547,0.0
442,1,-2350.7552734375,-871.0148437500002,130.35601806640625,0.0
443,1,-2355.3826171875,-864.0920898437498,-126.71013641357422,0.0
444,1,-2363.004345703125,-851.79443359375,136.4425048828125,0.0
445,1,-2369.648876953125,-826.6691406250002,-123.79696655273438,0.0
446,1,-2381.179443359375,-807.6324218749996,-123.4859848022461,0.0
447,1,-2393.419287109375,-794.0207031250002,-125.0555648803711,0.0
448,1,-2405.7419921875,-784.6011718749996,138.31382751464844,0.0
449,1,-2415.459423828125,-779.8939453125004,108.37052154541016,0.0
450,1,-2422.61455078125,-779.61767578125,129.03732299804688,0.0
451,1,-2425.978515625,-772.0498046875,133.32083129882812,0.0
452,1,-2439.3728515625,-775.9173828125004,-159.6688690185547,0.0
453,1,-2455.158837890625,-770.4059570312502,-150.65525817871094,0.0
454,1,-2472.3466796875,-761.7351562499998,143.21681213378906,0.0
455,1,-2489.065673828125,-757.6504882812496,-117.20242309570312,0.0
456,1,-2504.458984375,-753.3356445312502,-132.32830810546875,0.0
457,1,-2513.15009765625,-743.1827148437496,101.72994232177734,0.0
458,1,-2518.47734375,-742.6675781249996,88.51041412353516,0.0
459,1,-2522.430712890625,-743.44970703125,100.21621704101562,0.0
460,1,-2525.293994140625,-743.2007812499996,121.1726303100586,0.0
461,1,-2527.86826171875,-743.4030273437502,96.87326049804688,0.0
462,1,-2532.84892578125,-741.4566406249996,86.37120819091797,0.0
463,1,-2540.2982421875,-734.77490234375,151.84019470214844,0.0
464,1,-2548.546044921875,-725.524169921875,-134.7129364013672,0.0
465,1,-2557.480712890625,-717.6517089843746,-124.69821166992188,0.0
466,1,-2566.985888671875,-715.1190917968752,-151.1277618408203,0.0
467,1,-2577.128466796875,-710.5883300781252,147.43511962890625,0.0
468,1,-2586.5927734375,-707.3213378906248,107.93350219726562,0.0
469,1,-2596.28017578125,-705.8530761718748,117.43829345703124,0.0
470,1,-2608.22783203125,-696.9960449218752,-163.29421997070312,0.0
471,1,-2620.696923828125,-682.6368652343749,-140.0124969482422,0.0
472,1,-2630.185986328125,-672.123779296875,-121.84172821044922,0.0
473,1,-2639.44970703125,-661.2146484374998,-134.91905212402344,0.0
474,1,-2648.14072265625,-651.8263183593749,88.98522186279297,0.0
475,1,-2654.319482421875,-648.2134765625001,-133.39678955078125,0.0
476,1,-2659.153369140625,-647.0275390625002,96.9841079711914,0.0
477,1,-2666.945751953125,-644.0967285156248,106.19335174560548,0.0
478,1,-2672.245947265625,-647.8387207031251,92.87078094482422,0.0
479,1,-2677.030224609375,-648.6556152343751,-126.72347259521484,0.0
480,1,-2685.471044921875,-641.9329101562498,91.01724243164062,0.0
481,1,-2693.93515625,-636.3665527343751,126.97444915771484,0.0
482,1,-2700.24169921875,-629.7826660156252,-119.2300262451172,0.0
483,1,-2700.878955078125,-622.4683105468748,103.05500793457033,0.0
484,1,-2702.948486328125,-618.6065429687501,175.08668518066406,0.0
485,1,-2700.9267578125,-621.0675292968749,129.622802734375,0.0
486,1,-2700.4203125,-620.9488769531249,178.62289428710938,0.0
487,1,-2701.373583984375,-620.7545898437502,101.3301773071289,0.0
488,1,-2709.646142578125,-617.8582519531251,-153.65203857421875,0.0
489,1,-2718.213037109375,-607.958251953125,-136.12017822265625,0.0
490,1,-2727.750537109375,-599.6277343749998,99.1028823852539,0.0
491,1,-2736.20078125,-591.8911621093748,-124.55403900146484,0.0
492,1,-2744.2009765625,-584.161376953125,96.00003051757812,0.0
493,1,-2752.951171875,-575.255615234375,-172.88551330566406,0.0
494,1,-2759.4337890625,-571.3130371093748,-133.3690948486328,0.0
495,1,-2765.323876953125,-565.527587890625,-175.80743408203125,0.0
496,1,-2771.3953125,-559.2866699218748,153.4786834716797,0.0
497,1,-2778.551611328125,-550.7579101562501,-142.98928833007812,0.0
498,1,-2785.7947265625,-541.3785644531249,-142.4793243408203,0.0
499,1,-2793.93818359375,-533.7193847656249,-121.33306121826172,0.0
500,1,-2803.200927734375,-525.3223632812501,-118.15420532226562,0.0
501,1,-2813.259765625,-515.9955566406252,-163.72496032714844,0.0
502,1,-2820.91572265625,-509.3677734375001,-148.34002685546875,0.0
503,1,-2828.600146484375,-502.4189941406248,-141.7712860107422,0.0
504,1,-2836.998291015625,-492.0560058593751,177.9208526611328,0.0
505,1,-2844.58056640625,-480.4541015625,-125.11782836914062,0.0
506,1,-2850.423291015625,-469.0532714843748,-119.24636840820312,0.0
507,1,-2857.528759765625,-459.7928222656251,-114.67056274414062,0.0
508,1,-2864.201806640625,-451.1253417968751,-97.47930908203124,0.0
509,1,-2870.572119140625,-447.2958984375,-88.85216522216797,0.0
510,1,-2879.343603515625,-442.3344238281252,-110.4346160888672,0.0
511,1,-2888.89072265625,-439.0167480468749,-63.3689079284668,0.0
512,1,-2898.183203125,-433.6576660156252,-122.57080078125,0.0
513,1,-2907.9697265625,-426.1253417968751,-139.67796325683594,0.0
514,1,-2917.213671875,-417.161376953125,-167.52931213378906,0.0
515,1,-2924.40732421875,-410.5843261718751,-122.8626937866211,0.0
516,1,-2933.36728515625,-400.4719726562498,-121.99626922607422,0.0
517,1,-2940.82314453125,-391.3385253906249,-129.79840087890625,0.0
518,1,-2948.253759765625,-386.8038085937501,-127.6891632080078,0.0
519,1,-2954.71435546875,-381.6684082031252,-119.557373046875,0.0
520,1,-2960.86103515625,-376.8659179687502,71.89112091064453,0.0
521,1,-2964.179931640625,-373.638916015625,48.11468505859375,0.0
522,1,-2970.6875,-368.4872070312499,-105.3802719116211,0.0
523,1,-2975.56669921875,-362.4752929687502,-95.06633758544922,0.0
524,1,-2980.685595703125,-352.4014160156248,-114.5621566772461,0.0
525,1,-2984.946923828125,-342.3164550781248,-29.325647354125977,0.0
526,1,-2989.14921875,-333.5447265624998,-100.65782165527344,0.0
527,1,-2990.592822265625,-327.6434082031251,-102.04293060302734,0.0
528,1,-2991.623291015625,-318.96337890625,9.141523361206056,0.0
529,1,-2991.451953125,-314.5367187500001,-4.628094673156738,0.0
530,1,-2992.524365234375,-312.524169921875,-82.96234130859375,0.0
531,1,-2994.5564453125,-305.5927246093752,-73.92256164550781,0.0
532,1,-2998.016015625,-294.9389160156252,2.7186427116394043,0.0
533,1,-3000.566650390625,-285.3477050781248,-100.01319885253906,0.0
534,1,-3003.588818359375,-279.8307617187502,-100.51554870605467,0.0
535,1,-3006.712939453125,-269.9833984375,-90.22952270507812,0.0
536,1,-3009.7638671875,-264.4739257812498,-25.834848403930664,0.0
537,1,-3011.892822265625,-263.334716796875,-65.3018798828125,0.0
538,1,-3013.71875,-267.470947265625,-91.28154754638672,0.0
539,1,-3017.397412109375,-266.7441894531248,-84.70946502685547,0.0
540,1,-3019.05859375,-267.4830566406249,-10.10031795501709,0.0
541,1,-3019.80400390625,-269.2107910156251,-56.571563720703125,0.0
542,1,-3021.111474609375,-268.3198730468748,-42.663700103759766,0.0
543,1,-3024.434033203125,-261.619140625,7.871205806732178,0.0
544,1,-3029.3287109375,-244.7688964843751,-75.76326751708984,0.0
545,1,-3033.35673828125,-226.62724609374982,-82.4567642211914,0.0
546,1,-3038.1919921875,-208.57451171874982,-84.92514038085938,0.0
547,1,-3042.921142578125,-190.26416015625,-51.27770614624024,0.0
548,1,-3045.911669921875,-174.23969726562518,-81.51824188232422,0.0
549,1,-3046.95849609375,-168.233154296875,-90.52841186523438,0.0
550,1,-3050.847900390625,-164.54277343749982,-12.353864669799805,0.0
551,1,-3054.430078125,-160.2894531249999,-81.97234344482422,0.0
552,1,-3056.10908203125,-157.59233398437482,-69.18226623535156,0.0
553,1,-3059.2908203125,-154.5282226562499,-68.75406646728516,0.0
554,1,-3063.33251953125,-149.4014648437501,12.924833297729492,0.0
555,1,-3066.960498046875,-141.059814453125,-75.76033782958984,0.0
556,1,-3070.343896484375,-132.37548828125,-92.82494354248048,0.0
557,1,-3074.27080078125,-127.18422851562491,-95.89976501464844,0.0
558,1,-3076.098388671875,-122.49082031250009,-43.17131423950195,0.0
559,1,-3079.177490234375,-117.1923828125,23.405431747436523,0.0
560,1,-3083.29833984375,-116.13349609375018,-9.696252822875977,0.0
561,1,-3088.355810546875,-116.98369140624982,-89.54622650146484,0.0
562,1,-3093.63017578125,-115.89291992187509,-25.84734344482422,0.0
563,1,-3099.68212890625,-116.149658203125,-101.64545440673828,0.0
564,1,-3102.861279296875,-118.33940429687482,-53.42203521728516,0.0
565,1,-3106.487353515625,-117.536865234375,-10.097765922546388,0.0
566,1,-3110.63515625,-115.12578124999982,-34.300559997558594,0.0
567,1,-3112.368798828125,-113.67290039062482,-119.5353775024414,0.0
568,1,-3115.712939453125,-108.43662109375009,36.72049331665039,0.0
569,1,-3119.03349609375,-106.81113281250009,23.04903221130371,0.0
570,1,-3120.96943359375,-108.95883789062509,19.700763702392575,0.0
571,1,-3122.499658203125,-109.8984375,177.1551971435547,0.0
572,1,-3125.996875,-108.27353515625009,-136.36392211914062,0.0
573,1,-3128.282373046875,-110.69882812500009,-104.79454803466795,0.0
574,1,-3130.72685546875,-111.57758789062518,48.39690780639648,0.0
575,1,-3133.570068359375,-109.71152343750009,37.19943618774414,0.0
576,1,-3134.408154296875,-110.13081054687518,72.96250915527344,0.0
577,1,-3135.594140625,-110.678955078125,-10.487680435180664,0.0
578,1,-3136.15263671875,-111.62919921874982,31.71155166625977,0.0
579,1,-3137.226953125,-109.09125976562518,-55.9813117980957,0.0
580,1,-3137.562109375,-108.09750976562509,35.570518493652344,0.0
581,1,-3139.91337890625,-105.91972656249982,-75.13064575195312,0.0
582,1,-3143.356005859375,-104.944091796875,-53.7807731628418,0.0
583,1,-3146.31826171875,-102.50263671875018,-71.05530548095703,0.0
584,1,-3148.029931640625,-105.0576171875,12.649640083312988,0.0
585,1,-3146.976611328125,-108.11679687500009,27.69837951660156,0.0
586,1,-3146.906298828125,-107.68593749999991,37.48716354370117,0.0
587,1,-3145.026904296875,-107.16835937499991,17.678743362426758,0.0
588,1,-3145.36552734375,-103.66245117187509,-79.4383316040039,0.0
589,1,-3145.964404296875,-98.4326171875,-58.67514801025391,0.0
590,1,-3148.4962890625,-92.39101562499991,-8.17134952545166,0.0
591,1,-3149.359130859375,-89.57343750000018,-75.91790008544922,0.0
592,1,-3149.661376953125,-87.07421875,40.37839889526367,0.0
593,1,-3149.46298828125,-86.83828124999991,-80.60697174072266,0.0
594,1,-3148.036767578125,-87.80644531249982,59.279571533203125,0.0
595,1,-3147.530419921875,-88.7275390625,41.48655319213867,0.0
596,1,-3145.9478515625,-91.17519531249991,44.54366683959961,0.0
597,1,-3144.015966796875,-92.74497070312509,34.805843353271484,0.0
598,1,-3140.45419921875,-94.84340820312491,45.514774322509766,0.0
599,1,-3136.91533203125,-98.04726562499991,-44.120887756347656,0.0
600,1,-3132.657861328125,-101.57231445312482,34.92444610595703,0.0
601,1,-3128.630712890625,-104.30888671874982,52.48865509033203,0.0
602,1,-3124.825244140625,-107.39145507812509,53.0250129699707,0.0
603,1,-3121.9146484375,-109.93154296874991,41.81068420410156,0.0
604,1,-3119.843310546875,-109.861572265625,24.11470413208008,0.0
605,1,-3117.27216796875,-108.70302734374991,30.28173446655273,0.0
606,1,-3113.33525390625,-108.53466796875,-9.451550483703612,0.0
607,1,-3109.35361328125,-108.03813476562482,-44.53035354614258,0.0
608,1,-3105.4853515625,-108.38569335937518,23.17132568359375,0.0
609,1,-3101.17578125,-109.47617187500009,20.471006393432617,0.0
610,1,-3094.907275390625,-115.18691406249991,41.94392013549805,0.0
611,1,-3087.884326171875,-124.72089843750018,35.19089126586914,0.0
612,1,-3081.442431640625,-133.80805664062518,62.3048095703125,0.0
613,1,-3073.044091796875,-145.57343750000018,58.5550651550293,0.0
614,1,-3064.080859375,-159.08100585937518,36.83407211303711,0.0
615,1,-3056.472509765625,-170.83916015624982,51.71924209594727,0.0
616,1,-3050.5421875,-179.65141601562482,67.41400909423828,0.0
617,1,-3045.33212890625,-188.8953613281251,65.03136444091797,0.0
618,1,-3042.00771484375,-195.3284667968751,51.64928817749024,0.0
619,1,-3039.248876953125,-201.4610839843749,55.87680816650391,0.0
620,1,-3031.496533203125,-198.8919921874999,-104.44093322753906,0.0
621,1,-3024.55537109375,-196.6590332031251,-126.44475555419922,0.0
622,1,-3017.42021484375,-195.2645019531251,146.8704833984375,0.0
623,1,-3009.59697265625,-193.9336914062501,82.29322052001953,0.0
624,1,-3001.33330078125,-192.431884765625,-177.3511962890625,0.0
625,1,-2999.268310546875,-198.0372558593749,57.77649688720703,0.0
626,1,-2995.312841796875,-203.8016113281251,50.91504287719727,0.0
627,1,-2991.346630859375,-209.67192382812482,43.97282028198242,0.0
628,1,-2988.825146484375,-215.812255859375,45.421653747558594,0.0
629,1,-2986.388671875,-222.614013671875,52.94404983520508,0.0
630,1,-2984.1234375,-228.040771484375,50.95392227172852,0.0
631,1,-2982.985009765625,-230.96464843749982,24.429214477539062,0.0
632,1,-2983.068115234375,-231.0635742187501,-33.18467330932617,0.0
633,1,-2978.689501953125,-233.89936523437518,20.392581939697266,0.0
634,1,-2975.64306640625,-234.3726562500001,-5.238960266113281,0.0
635,1,-2972.822509765625,-235.68603515625,30.01166534423828,0.0
636,1,-2970.31201171875,-237.04340820312518,-44.7834358215332,0.0
637,1,-2965.911572265625,-240.3798828125,-26.24110412597656,0.0
638,1,-2962.889501953125,-241.12934570312518,-20.574848175048828,0.0
639,1,-2960.06650390625,-243.599853515625,34.11457824707031,0.0
640,1,-2955.72275390625,-246.9207519531251,20.622394561767575,0.0
641,1,-2951.807373046875,-248.65771484375,5.778270721435547,0.0
642,1,-2948.579345703125,-251.71748046875018,19.96635627746582,0.0
643,1,-2947.2509765625,-253.84052734375018,-10.675926208496094,0.0
644,1,-2947.12353515625,-252.5335937499999,48.883575439453125,0.0
645,1,-2948.037451171875,-249.48588867187482,-17.277021408081055,0.0
646,1,-2950.12373046875,-246.3624023437501,-28.51513671875,0.0
647,1,-2954.468017578125,-255.6148925781249,-53.5473861694336,0.0
648,1,-2957.930712890625,-272.1371582031252,23.902400970458984,0.0
649,1,-2956.663134765625,-294.5488769531248,12.023158073425291,0.0
650,1,-2953.365478515625,-321.2350097656249,24.310752868652344,0.0
651,1,-2947.615478515625,-349.6529296875001,43.80405044555664,0.0
652,1,-2939.58955078125,-362.9453125,42.79986953735352,0.0
653,1,-2932.593212890625,-368.4212402343751,7.231899738311768,0.0
654,1,-2928.89140625,-369.617919921875,-21.400714874267575,0.0
655,1,-2925.86796875,-369.7120605468749,-28.686355590820312,0.0
656,1,-2922.107666015625,-370.8152832031251,-8.464232444763184,0.0
657,1,-2918.791064453125,-370.5300781249998,-8.56029224395752,0.0
658,1,-2916.69541015625,-370.0912109374999,-21.214244842529297,0.0
659,1,-2914.917041015625,-368.2147460937499,-29.164918899536133,0.0
660,1,-2915.1384765625,-364.1578125000001,-18.197851181030277,0.0
661,1,-2916.340185546875,-360.12646484375,-1.3667696714401243,0.0
662,1,-2915.691064453125,-361.263671875,-80.53606414794922,0.0
663,1,-2913.522998046875,-366.0608886718751,45.729305267333984,0.0
664,1,-2909.11142578125,-373.7714355468752,46.085933685302734,0.0
665,1,-2905.751220703125,-380.1861816406249,55.022117614746094,0.0
666,1,-2902.29990234375,-386.6791015624999,32.55177688598633,0.0
667,1,-2900.52373046875,-390.2978515625,-92.7857666015625,0.0
668,1,-2899.652978515625,-391.6795898437499,1.402072548866272,0.0
669,1,-2900.591162109375,-391.5318359375001,27.103864669799805,0.0
670,1,-2900.115087890625,-393.3773437499999,17.793489456176758,0.0
671,1,-2899.8775390625,-396.0106933593752,-37.64094543457031,0.0
672,1,-2900.241259765625,-398.054931640625,58.01852035522461,0.0
673,1,-2900.825048828125,-401.7513671874999,70.93648529052734,0.0
674,1,-2901.3984375,-409.2632812500001,-136.11538696289062,0.0
675,1,-2899.13359375,-422.7007812500001,73.59715270996094,0.0
676,1,-2896.6146484375,-438.411865234375,91.05311584472656,0.0
677,1,-2891.8859375,-458.5621093750001,75.23953247070312,0.0
678,1,-2884.91171875,-480.2316406250002,81.51488494873047,0.0
679,1,-2878.197021484375,-500.2166503906251,94.353271484375,0.0
680,1,-2874.26005859375,-515.2436035156252,78.17744445800781,0.0
681,1,-2873.616552734375,-524.506103515625,108.44253540039062,0.0
682,1,-2874.588818359375,-529.806396484375,113.2082977294922,0.0
683,1,-2878.5400390625,-531.7853027343749,-145.47315979003906,0.0
684,1,-2878.908837890625,-539.1078613281252,175.97474670410156,0.0
685,1,-2875.70390625,-551.900146484375,117.34698486328124,0.0
686,1,-2868.856591796875,-572.5470214843749,74.73829650878906,0.0
687,1,-2862.13271484375,-597.4670898437498,73.13011932373047,0.0
688,1,-2854.015771484375,-625.5631347656249,75.8253173828125,0.0
689,1,-2851.128515625,-648.8620117187502,74.22459411621094,0.0
690,1,-2856.784521484375,-666.3273437500002,83.51805114746094,0.0
691,1,-2862.067138671875,-673.5871093750002,139.14364624023438,0.0
692,1,-2864.336962890625,-684.99560546875,164.78414916992188,0.0
693,1,-2865.34609375,-698.3456542968752,-28.123645782470703,0.0
694,1,-2862.47783203125,-714.9520507812504,68.08330535888672,0.0
695,1,-2853.6138671875,-733.8626464843746,74.03870391845703,0.0
696,1,-2843.69140625,-763.7463867187498,74.80601501464844,0.0
697,1,-2839.974658203125,-785.1244140625004,77.46707916259766,0.0
698,1,-2841.1498046875,-800.0939453125002,71.43570709228516,0.0
699,1,-2844.350341796875,-811.1446289062496,166.17123413085938,0.0
700,1,-2847.12236328125,-823.384765625,-178.4662322998047,0.0
701,1,-2851.945654296875,-834.9808593750004,93.59771728515624,0.0
702,1,-2852.426171875,-851.63916015625,67.7209701538086,0.0
703,1,-2848.116162109375,-872.4600585937496,66.41877746582031,0.0
704,1,-2843.763232421875,-898.1519531249996,76.83068084716797,0.0
705,1,-2842.904833984375,-921.2908203124998,75.80130767822266,0.0
706,1,-2843.61875,-939.6409179687498,74.44039154052734,0.0
707,1,-2847.13564453125,-953.2423828125002,112.94454956054688,0.0
708,1,-2852.673193359375,-964.47998046875,133.2999267578125,0.0
709,1,-2856.97626953125,-973.8526367187496,-131.39305114746094,0.0
710,1,-2857.60556640625,-986.6311523437498,62.299259185791016,0.0
711,1,-2856.97275390625,-1002.8526367187496,69.46195220947266,0.0
712,1,-2854.6576171875,-1025.1239257812504,72.98280334472656,0.0
713,1,-2854.605419921875,-1050.99951171875,75.58547973632812,0.0
714,1,-2857.433251953125,-1073.7743164062504,76.54592895507812,0.0
715,1,-2862.5544921875,-1091.19189453125,129.9025115966797,0.0
716,1,-2869.672265625,-1103.5367187499996,120.81997680664062,0.0
717,1,-2873.516943359375,-1116.0716796875004,-168.2430877685547,0.0
718,1,-2876.015380859375,-1126.7244140624998,-120.89005279541016,0.0
719,1,-2877.96162109375,-1136.3825195312502,58.70872497558594,0.0
720,1,-2879.511669921875,-1150.3779296875,64.59550476074219,0.0
721,1,-2878.4259765625,-1171.2227539062496,72.68009185791016,0.0
722,1,-2882.4556640625,-1185.7082031250002,75.68879699707031,0.0
723,1,-2889.277880859375,-1195.6358398437496,81.63580322265625,0.0
724,1,-2893.731005859375,-1205.2308593750004,120.31462097167967,0.0
725,1,-2898.3853515625,-1211.9268554687496,175.92095947265625,0.0
726,1,-2903.776416015625,-1215.6719726562496,15.838796615600586,0.0
727,1,-2905.41337890625,-1223.6833007812502,66.10586547851562,0.0
728,1,-2902.38232421875,-1236.3826171874998,71.9996337890625,0.0
729,1,-2902.117431640625,-1252.52587890625,77.6614990234375,0.0
730,1,-2903.956689453125,-1270.9361328124996,65.50312805175781,0.0
731,1,-2909.023876953125,-1285.2860351562504,80.9913558959961,0.0
732,1,-2917.676806640625,-1297.7038085937502,159.50424194335938,0.0
733,1,-2926.756201171875,-1309.8155273437496,-170.49293518066406,0.0
734,1,-2931.707421875,-1324.1312500000004,142.23895263671875,0.0
735,1,-2933.9650390625,-1337.39404296875,71.26773834228516,0.0
736,1,-2935.857080078125,-1352.7740234374996,68.675048828125,0.0
737,1,-2937.812890625,-1367.8001953125004,83.85826873779297,0.0
738,1,-2939.978759765625,-1382.2375976562498,93.4785385131836,0.0
739,1,-2950.17265625,-1389.5098632812496,101.27151489257812,0.0
740,1,-2961.874169921875,-1393.9092773437496,-165.40652465820312,0.0
741,1,-2974.264306640625,-1397.0485351562502,129.55274963378906,0.0
742,1,-2984.591259765625,-1401.27197265625,-170.3772430419922,0.0
743,1,-2994.7650390625,-1406.6959960937502,142.9214324951172,0.0
744,1,-2997.982666015625,-1418.3006835937504,85.1630630493164,0.0
745,1,-3000.59169921875,-1432.7632812499996,64.50643157958984,0.0
746,1,-3000.117822265625,-1450.0863281250004,69.15907287597656,0.0
747,1,-3000.132666015625,-1466.9761718749996,87.60342407226562,0.0
748,1,-2999.523376464844,-1476.310546875,80.41850280761719,0.0
749,1,-3000.9671223958335,-1483.48974609375,76.22150421142578,0.0
